StructureType,Labels,ObjectiveType,ObjectiveOperator,ObjectiveParameter,ObjectiveValue
OpticNerve,OpticNrv;OpticNrv_PRV;OpticNrv_L;OpticNrv_R,dvh,Upper,D0,2500
Cochlea,Cochlea;Cochlea_L;Cochlea_R,dvh,Upper,D0,2200
Brainstem,Brainstem,mean,Upper,D0,3100
Brainstem,Brainstem,mean,Upper,V2600,1cc
SpinalCord,SpinalCord;Cord;Spinal_Cord;Spinal_Canal,dvh,Upper,D0,2800
SpinalCord,SpinalCord;Cord;Spinal_Cord;Spinal_Canal,dvh,Upper,V2250,0.25cc
Cauda,Cauda,dvh,Upper,D0,3150
Cauda,Cauda,dvh,Upper,V3000,5cc
SacralPlexus,ScralPlex,dvh,Upper,D0,3200
SacralPlexus,ScralPlex,dvh,Upper,V2700,3cc
Esophagus,Esophagus,dvh,Upper,D0,3500
Esophagus,Esophagus,dvh,Upper,V2750,5cc
BrachialPlexus_L,BrachialPlex_L,dvh,Upper,D0,3250
BrachialPlexus_L,BrachialPlex_L,dvh,Upper,V2700,3cc
BrachialPlexus_R,BrachialPlex_R,dvh,Upper,D0,3250
BrachialPlexus_R,BrachialPlex_R,dvh,Upper,V2700,3cc
BrachialPlexus,BrachialPlexs;BrachialPlex,dvh,Upper,D0,3250
BrachialPlexus,BrachialPlexs;BrachialPlex,dvh,Upper,V2700,3cc
Heart,Heart,dvh,Upper,D0,3800
Heart,Heart,dvh,Upper,V3200,15cc
LAD,LAD,dvh,Upper,V1400,10%
LAD,LAD,dvh,Upper,V1400,1.5cc
GreatVessel,GreatVes,dvh,Upper,D0,5300
GreatVessel,GreatVes,dvh,Upper,V4700,4cc
Trachea,Trachea,dvh,Upper,D0,4000
Trachea,Trachea,dvh,Upper,V1800,4cc
Bronchus,Bronchus,dvh,Upper,D0,3300
Skin,Skin,dvh,Upper,D0,3850
Stomach,Stomach,dvh,Upper,D0,3500
Stomach,Stomach,dvh,Upper,V1800,10cc
BileDuct,BileDuct;BileDuct_Common,dvh,Upper,D0,4100
Duodenum,Duodenum,dvh,Upper,D0,2600
Duodenum,Duodenum,dvh,Upper,V1800,5cc
SmallBowel,Bowel_Loops;Bowel_Small,dvh,Upper,D0,2600
SmallBowel,Bowel_Loops;Bowel_Small,dvh,Upper,V1800,5cc
Jejunum,Jejunum,dvh,Upper,D0,3200
Jejunum,Jejunum,dvh,Upper,V1950,5cc
Colon,Colon,dvh,Upper,D0,3800
Colon,Colon,dvh,Upper,V2500,20cc
Rectum,Rectum,dvh,Upper,D0,3800
Rectum,Rectum,dvh,Upper,V2500,20cc
Canal_Anal,Canal_Anal,dvh,Upper,D0,3800
Canal_Anal,Canal_Anal,dvh,Upper,V2500,20cc
Urethra,Urethra,dvh,Upper,D0,3800
Bladder,Bladder,dvh,Upper,D0,3800
Lungs,Lungs;Lungs-GTV,dvh,Upper,VS1250,1500cc
Lungs,Lungs;Lungs-GTV,dvh,Upper,VS1350,1000cc
Lungs,Lungs;Lungs-GTV,dvh,Upper,V1350,37%
Liver,Liver,dvh,Upper,VS2100,700cc
Kidney,Kidneys;Kidney,dvh,Upper,VS1750,200cc
Kidney_L,Kidney_L,dvh,Upper,VS1750,200cc
Kidney_R,Kidney_R,dvh,Upper,VS1750,200cc
Femur_L,Femur_L,dvh,Upper,V3000,10cc
Femur_R,Femur_R,dvh,Upper,V3000,10cc

